source,title,year,doi,document_type
WOS,Optimization of Psilocybin Extraction from Psilocybe cubensis Mushrooms and Characterization of the Fungal Extract,2026,10.21577/0103-5053.20260049,JOUR
WOS,Psilocybin biosynthesis enhancement through gene source optimization,2025,10.1016/j.ymben.2025.04.003,JOUR
WOS,Psilocybe cubensis: neuropsychopharmaceutical potential of psilocybin and psilocin,2024,10.18845/tm.v37i9.7618,JOUR
WOS,"The Effect of Magic Mushroom (Psilocybe azurescens) on Social Interaction, Anxiety- and Depressive-Like Behaviors in Male Rats; the Role of Neuroinflammation, Oxidative Stress, and Neurotrophic Factors",2026,10.1002/jnr.70107,JOUR
WOS,Psilocybin induces acute anxiety and changes in amygdalar phosphopeptides independently from the 5-HT2A receptor,2024,10.1016/j.isci.2024.109686,JOUR
WOS,Genome sequencing progenies of magic mushrooms (Psilocybe subaeruginosa) identifies tetrapolar mating and gene duplications in the psilocybin pathway,2023,10.1016/j.fgb.2022.103769,JOUR
WOS,Mice lacking the serotonin transporter do not respond to the behavioural effects of psilocybin,2025,10.1016/j.ejphar.2025.177304,JOUR
WOS,BIOACTIVE COMPOUNDS FROM PSILOCYBE CUBENSIS MYCELIAL CULTURES WITH TRANSIENT ANXIOLYTIC EFFECTS IN MICE,2026,10.26402/jpp.2026.1.07,JOUR
WOS,Time to embrace the whole: considering the replacement of psilocybin with Psilocybe spp. in psychedelic research and therapy,2026,10.1080/14786419.2026.2683121,JOUR
WOS,Methyl transfer in psilocybin biosynthesis,2024,10.1038/s41467-024-46997-z,JOUR
WOS,A Proposal to Study the Safety and Efficacy of Psilocybe cubensis in Preclinical and Clinical Studies as a Therapeutic Alternative for Major Depressive Disorder,2023,10.1080/02791072.2023.2246459,JOUR
WOS,Psilocybe Cubensis Extract Potently Prevents Fear Memory Recall and Freezing Behavior in Short- but Not Long-Term in a Rat Model of Posttraumatic Stress Disorder,2024,10.1037/bne0000579,JOUR
WOS,In Vitro Psilocybin Synthesis by Co-Immobilized Enzymes,2025,10.1002/chem.202501037,JOUR
WOS,Acute psilocybin enhances cognitive flexibility in rats,2023,10.1038/s41386-023-01545-z,JOUR
WOS,Psilocybin-Assisted Psychotherapy for Chronic Somatoform Pain Disorder: A Case Report,2025,10.3390/psychoactives4030030,JOUR
WOS,Psilocybin in the setting of treatment-resistant unipolar depression: A case report,2025,10.1016/j.encep.2025.02.007,JOUR
WOS,Past-Year Psilocybin and Alcohol Co-Use: Associations With Mental Health Symptoms,2026,10.1177/00220426261466154,JOUR
WOS,Low-income group psilocybin assisted therapy for depression: An Oregon feasibility study,2026,10.1556/2054.2026.00485,JOUR
WOS,The use of psilocybin for treatment-resistant depression,2022,10.17992/lbl.2022.09.706,JOUR
WOS,Evaluation of behavioural and neurochemical effects of psilocybin in mice subjected to chronic unpredictable mild stress,2025,10.1038/s41398-025-03421-4,JOUR
WOS,A Bayesian Reanalysis of a Trial of Psilocybin Versus Escitalopram for Depression,2023,10.1089/psymed.2022.0002,JOUR
WOS,Brain dynamics predictive of response to psilocybin for treatment-resistant depression,2024,10.1093/braincomms/fcae049,JOUR
WOS,Substrate recognition by the 4-hydroxytryptamine kinase PsiK in psilocybin biosynthesis,2025,10.1002/1873-3468.15042,JOUR
WOS,In silico characterization of the psilocybin biosynthesis pathway,2023,10.1016/j.compbiolchem.2023.107854,JOUR
WOS,Efficacy and Safety of Psilocybin in Treatment-Resistant Major Depression,2026,10.1001/jamapsychiatry.2026.0132,JOUR
WOS,Novel qNMR Method to Quantify Psilocybin and Psilocin in Psychedelic Mushrooms,2025,10.1021/acsomega.5c07092,JOUR
WOS,Psilocybin-Assisted Psychotherapy for Treatment-Resistant Depression in Bipolar II Disorder,2025,10.1089/psymed.2024.0032,JOUR
WOS,Increased global integration in the brain after psilocybin therapy for depression,2022,10.1038/s41591-022-01744-z,JOUR
WOS,Antidepressant- and anxiolytic-like activities and acute toxicity evaluation of the Psilocybe cubensis mushroom in experimental models in mice,2024,10.1016/j.jep.2023.117415,JOUR
WOS,Psilocybin-assisted psychotherapy in adults with depression - A literature review,2025,10.1016/j.pnpbp.2025.111508,JOUR
WOS,"Hypertensive Emergency Secondary to Combining Psilocybin Mushrooms, Extended Release Dextroamphetamine-Amphetamine, and Tranylcypromine",2025,10.1080/02791072.2024.2368617,JOUR
WOS,The Causal Role of Consciousness in Psychedelic Therapy for Treatment-Resistant Depression: Hypothesis and Proposal,2025,10.1021/acsptsci.5c00445,JOUR
WOS,Psilocybin-Assisted Cognitive Behavioral Therapy for Adults with Major Depressive Disorder: Rationale and Treatment Development,2023,10.1089/psymed.2023.0018,JOUR
WOS,Balancing safety and access in Oregon's psilocybin services,2026,10.1016/j.drugpo.2026.105384,JOUR
WOS,DNA Authentication and Chemical Analysis of Psilocybe Mushrooms Reveal Widespread Misdeterminations in Fungaria and Inconsistencies in Metabolites,2022,10.1128/aem.01498-22,JOUR
WOS,Psilocybin-assisted cognitive behavioral therapy for major depressive disorder: A pilot trial,2026,10.1016/j.jad.2026.121423,JOUR
WOS,Characterization of the Gateway Decarboxylase for Psilocybin Biosynthesis,2022,10.1002/cbic.202200551,JOUR
WOS,Public Interest in Psilocybin and Psychedelic Therapy in the Context of the COVID-19 Pandemic: Google Trends Analysis,2023,10.2196/43850,JOUR
WOS,Real-World Psilocybin Therapy for Treatment-Resistant Depression: A Retrospective Observational Study,2026,10.1016/j.lanepe.2026.101719,JOUR
WOS,Acute Blockade of the Serotonin Transporter With Low Doses of Escitalopram Does Not Alter the Behavioural Responses to Acute Psilocybin,2025,10.1111/ejn.70351,JOUR
WOS,Effects of psilocybin versus escitalopram on rumination and thought suppression in depression,2022,10.1192/bjo.2022.565,JOUR
WOS,Single-Dose Psilocybin for Depression With Severe Treatment Resistance: An Open-Label Trial,2025,10.1176/appi.ajp.20231063,JOUR
WOS,Psilocybin-assisted psychotherapy for treatment resistant depression: A randomized clinical trial evaluating repeated doses of psilocybin,2024,10.1016/j.medj.2024.01.005,JOUR
WOS,Psilocybin with psychotherapeutic support for treatment-resistant depression: a pilot clinical trial,2025,10.1177/20451253251377187,JOUR
WOS,Different hierarchical reconfigurations in the brain by psilocybin and escitalopram for depression,2024,10.1038/s44220-024-00298-y,JOUR
WOS,Attitudes Towards Psilocybin: A General Population's Opinions on Psilocybin and Psilocybin-Assisted Therapies,2025,10.24839/2325-7342.jn30.4.345,JOUR
WOS,"Single-dose psilocybin-assisted therapy in major depressive disorder: a placebo-controlled, double-blind, randomised clinical trial",2023,10.1016/j.eclinm.2022.101809,JOUR
WOS,Serotoninergic antidepressants combination in psilocybin-assisted psychotherapy: a case report,2024,10.3389/fpsyt.2024.1394962,JOUR
WOS,Psilocybin-assisted therapy for treatment-resistant major depressive disorder in a public healthcare setting: a randomized controlled trial,2026,10.1038/s41591-026-04541-0,JOUR
WOS,Negative affective bias in depression following treatment with psilocybin or escitalopram - a secondary analysis from a randomized trial,2025,10.1038/s41398-025-03693-w,JOUR
WOS,Advancing treatment paradigms: the role of psilocybin in managing major depressive disorder,2026,10.1097/ms9.0000000000004349,JOUR
WOS,Expectancies for Subjective and Antidepressant Effects in Psilocybin Users,2023,10.1177/00221678231194798,JOUR
WOS,Psilocybin as a psychophysical adaptogen in chronic pain rehabilitation,2025,10.1016/j.jpain.2025.105507,JOUR
WOS,"Engaging Mood Brain Circuits with Psilocybin (EMBRACE): a study protocol for a randomized, placebo-controlled and delayed-start, neuroimaging trial in depression",2024,10.1186/s13063-024-08268-6,JOUR
WOS,Effects of psilocybin on uncertain punishment learning,2024,10.1016/j.nlm.2024.107954,JOUR
WOS,Psilocybin-assisted psychotherapy for treatment-resistant depression: Which psychotherapy?,2023,10.1111/inm.13214,JOUR
WOS,CSF galanin and noradrenaline downregulation by psilocybin therapy in major depressive disorder,2026,10.1038/s41386-026-02490-3,JOUR
WOS,Effects of discontinuation of serotonergic antidepressants prior to psilocybin therapy versus escitalopram for major depression,2024,10.1177/02698811241237870,JOUR
WOS,Psilocybin-assisted group psychotherapy and mindfulness-based stress reduction for frontline healthcare provider COVID-19-related depression and burnout: A randomized controlled trial,2025,10.1371/journal.pmed.1004519,JOUR
WOS,Psilocybin mitigates behavioral despair and cognitive impairment in treatment-resistant depression model using wistar kyoto rats,2025,10.1038/s41598-025-03383-z,JOUR
WOS,"Psilocybin for treatment-resistant depression without psychedelic effects: study protocol for a 4-week, double-blind, proof-of-concept randomised controlled trial",2023,10.1192/bjo.2023.535,JOUR
WOS,Divergent Effects of Psilocybin for 2 Patients Participating in a Psilocybin-assisted Cognitive Behavioral Therapy Trial for Major Depressive Disorder,2025,10.1097/pra.0000000000000853,JOUR
WOS,Psilocybin use in bipolar disorder: A comprehensive review,2026,10.1016/j.jad.2025.120485,JOUR
WOS,Exploring the Frontiers of Psychedelics: A New Chromatographic Method for Detection and Quantification of Psilocybin and Psilocin in Psilocybe cubensis Mushrooms,2025,10.1021/acsomega.5c02751,JOUR
WOS,Examining the effects of psilocybin-assisted psychotherapy on anhedonia in treatment-resistant depression,2026,10.1016/j.jad.2026.121385,JOUR
WOS,Effects of psilocin and psilocybin on human 5-HT4 serotonin receptors in atrial preparations of transgenic mice and humans,2024,10.1016/j.toxlet.2024.06.006,JOUR
WOS,Regulatory Alignment of Psilocybin Clinical Trials in Major Depressive Disorder on ClinicalTrials.gov: A Cross-Sectional Analysis,2025,10.1055/a-2529-7029,JOUR
WOS,Limbic System Response to Psilocybin and Ketamine Administration in Rats: A Neurochemical and Behavioral Study,2024,10.3390/ijms25010100,JOUR
WOS,Single-Dose Synthetic Psilocybin With Psychotherapy for Treatment-Resistant Bipolar Type II Major Depressive Episodes A Nonrandomized Open-Label Trial,2024,10.1001/jamapsychiatry.2023.4685,JOUR
WOS,Psilocybin for Trauma-Related Disorders,2022,10.1007/978-3-031-12184-5,CHAP
WOS,The impact of antidepressant discontinuation prior to treatment with psilocybin for treatment-resistant depression,2024,10.1016/j.jpsychires.2024.10.009,JOUR
WOS,Long-term outcomes of single-dose psilocybin for US military Veterans with severe treatment-resistant depression-12-month data from an open-label pilot study,2025,10.1016/j.jad.2025.119655,JOUR
WOS,Predicting the outcome of psilocybin treatment for depression from baseline fMRI functional connectivity,2024,10.1016/j.jad.2024.02.089,JOUR
WOS,Psilocybin reporting in media (PRiMe) for the treatment of depression,2025,10.1017/ipm.2025.10142,JOUR
WOS,The serotonin 1B receptor is required for some of the behavioral effects of psilocybin in mice,2026,10.1038/s41380-025-03387-1,JOUR
WOS,Psychedelic Treatment with Psilocybin: Addressing Medical Malpractice Risk and Physicians' Concerns,2025,10.1017/jme.2025.10109,JOUR
WOS,Safety and Mental Health Outcomes of Oregon State-Regulated Psilocybin Services,2026,10.1001/jamanetworkopen.2026.30608,JOUR
WOS,A Case Report of Psilocybin-induced Psychosis in a Predisposed Patient,2024,10.9758/cpn.24.1180,JOUR
WOS,Assessing expectancy and suggestibility in a trial of escitalopram v. psilocybin for depression,2024,10.1017/s0033291723003653,JOUR
WOS,Microdosing psilocybin for major depressive disorder: study protocol for a phase II double-blind placebo-controlled randomised partial crossover trial,2026,10.1192/bjo.2025.10968,JOUR
WOS,Comparing Antidepressant Effects of Psilocybin-Assisted Psychotherapy in Individuals That Were Unmedicated at Initial Screening Versus Individuals Discontinuing Medications for Study Participation: Comparaison des effets antidépresseurs de la psychothérapie assistée par la psilocybine (PAP) chez les personnes non médicamentées à la sélection initiale et les personnes ayant arrêté les médicaments pour participer à l'étude,2025,10.1177/07067437251328316,JOUR
WOS,Acceptability and safety of two sequential doses of psilocybin in bipolar II depression: protocol for an open-label single-arm feasibility study,2026,10.1136/bmjopen-2026-118471,JOUR
WOS,The therapeutic alliance between study participants and intervention facilitators is associated with acute effects and clinical outcomes in a psilocybin-assisted therapy trial for major depressive disorder,2024,10.1371/journal.pone.0300501,JOUR
WOS,Single-dose psilocybin for US military Veterans with severe treatment-resistant depression - A first-in-kind open-label pilot study,2025,10.1016/j.jad.2024.09.133,JOUR
WOS,At the Forefront: Social Workers' Role in Psilocybin Treatment for Depression and Substance Misuse,2024,10.1093/sw/swae019,JOUR
WOS,The role of the psychedelic experience in psilocybin treatment for treatment-resistant depression,2025,10.1016/j.jad.2024.12.061,JOUR
WOS,Cost-effectiveness of psilocybin-assisted therapy for severe depression: exploratory findings from a decision analytic model,2023,10.1017/s0033291723001411,JOUR
WOS,Optimizing outcomes in psilocybin therapy: Considerations in participant evaluation and preparation,2023,10.1016/j.jad.2023.01.077,JOUR
WOS,Early psilocybin intervention alleviates behavioral despair and cognitive impairment in stressed Wistar rats,2025,10.1016/j.pnpbp.2024.111243,JOUR
WOS,Results From a Long-Term Observational Follow-Up Study of a Single Dose of Psilocybin for a Treatment-Resistant Episode of Major Depressive Disorder,2025,10.4088/jcp.24m15449,JOUR
WOS,A critical evaluation of QIDS-SR-16 using data from a trial of psilocybin therapy versus escitalopram treatment for depression,2023,10.1177/02698811231167848,JOUR
WOS,An open-label pilot study of psilocybin-assisted therapy for binge eating disorder,2026,10.1186/s40337-025-01508-3,JOUR
WOS,"Effect of psilocybin versus escitalopram on depression symptom severity in patients with moderate-to-severe major depressive disorder: observational 6-month follow-up of a phase 2, double-blind, randomised, controlled trial",2024,10.1016/j.eclinm.2024.102799,JOUR
WOS,The astrocytes in the prefrontal cortex contribute to the rapid antidepressant-like effects of psilocybin in the chronic restraint stress mouse model,2026,10.1016/j.pnpbp.2026.111698,JOUR
WOS,Increased low-frequency brain responses to music after psilocybin therapy for depression,2023,10.1016/j.jad.2023.04.081,JOUR
WOS,Psilocybin for treatment resistant depression in patients taking a concomitant SSRI medication,2023,10.1038/s41386-023-01648-7,JOUR
WOS,Epigenome-wide association study of psilocybin-induced methylome changes in alcohol use disorder,2026,10.1038/s41398-026-03961-3,JOUR
WOS,Microdosing psilocybin for chronic pain: a case series,2023,10.1097/j.pain.0000000000002778,JOUR
WOS,The zebrafish for preclinical psilocybin research,2023,10.1016/j.neubiorev.2023.105381,JOUR
WOS,Patient perspectives and experiences with psilocybin treatment for treatment-resistant depression: a qualitative study,2024,10.1038/s41598-024-53188-9,JOUR
WOS,Structural basis for psilocybin biosynthesis,2025,10.1038/s41467-025-58239-x,JOUR
WOS,"A comparative assessment of the antidepressant efficacy of ketamine, psilocybin, and fluoxetine in a chronic stress model",2025,10.1038/s41598-025-29642-7,JOUR
WOS,"Psilocybin mushroom stewardship: A qualitative inquiry into practices and priorities of ""underground"" psilocybin mushroom practitioners",2025,10.1556/2054.2025.00375,JOUR
WOS,Attitudes of Mental Health Experts Towards Psilocybin,2023,10.1055/a-1846-1161,JOUR
WOS,Insights into psilocybin use among people with bipolar disorder: A thematic analysis of Reddit posts,2026,10.1016/j.jad.2026.121220,JOUR
WOS,Psilocybin-assisted psychotherapy for methamphetamine use disorder: A pilot open-label safety and feasibility study,2025,10.1111/add.70187,JOUR
WOS,Predictors of Pharmacy Students' Attitudes About the Therapeutic Use of Psilocybin,2023,10.7759/cureus.45169,JOUR
WOS,Behavioural and pharmacological evaluation of the psilocybin analogue baeocystin in Wistar rats,2025,10.1016/j.pnpbp.2025.111439,JOUR
WOS,The effect of Psilocybe cubensis alkaloids on depressive-like behavior in mice exposed to maternal separation with respect to hippocampal gene expression and DNA methylation of Slc6a4 and Nr3c1,2025,10.1097/fbp.0000000000000813,JOUR
WOS,Psilocybin modulates social behaviour in male and female mice in a time-dependent manner,2026,10.1038/s41386-026-02450-x,JOUR
WOS,Explainable AI framework for psilocybin depression treatment optimization,2026,10.3389/fcomp.2025.1652190,JOUR
WOS,Psilocybin restores behavioral and neuroplastic deficits induced by chronic stress in rats,2026,10.1016/j.pnpbp.2026.111710,JOUR
WOS,Optimized psilocybin production in tryptophan catabolism-repressed fungi,2024,10.1111/1751-7915.70039,JOUR
WOS,Psilocybin facilitates fear extinction in mice by promoting hippocampal neuroplasticity,2023,10.1097/cm9.0000000000002647,JOUR
WOS,De Novo Biosynthesis of Antidepressant Psilocybin in Escherichia coli,2025,10.1111/1751-7915.70135,JOUR
WOS,Changes in music-evoked emotion and ventral striatal functional connectivity after psilocybin therapy for depression,2023,10.1177/02698811221125354,JOUR
WOS,Real-world effectiveness and safety of psychedelic-assisted psychotherapy: Outcomes from a large-scale compassionate use cohort in Switzerland,2026,10.1016/j.psychres.2026.116992,JOUR
WOS,Long-Term Efficacy of Psilocybin with Adjunct Psychotherapy in Treatment-Resistant Major Depression: 6-and 12-Month Naturalistic Follow-Up of a Phase 2b Trial,2026,10.1159/000552272,JOUR
WOS,Bridging the reporting gap: Application of the ReSPCT guidelines in psilocybin clinical trial protocols,2026,10.1016/j.euroneuro.2025.112746,JOUR
WOS,Effects of Psilocybin on Mouse Brain Microstructure,2025,10.3174/ajnr.a8634,JOUR
WOS,Magic Mushrooms - an exploratory look at how mental health professionals feel and think about Psilocybin,2022,10.1016/j.psychres.2022.114727,JOUR
WOS,Chronic psilocybin administration increases sociability and alters the gut microbiome in male wild-type mice but not in a preclinical model of obsessive-compulsive disorder,2025,10.1016/j.neuropharm.2025.110648,JOUR
WOS,Engineering artificial biosynthetic pathways for efficient microbial production of psilocybin and psilocin,2026,10.1016/j.ymben.2025.11.002,JOUR
WOS,Psilocybin increases optimistic engagement over time: computational modelling of behaviour in rats,2024,10.1038/s41398-024-03103-7,JOUR
WOS,"Cognitive outcomes following psilocybin-assisted therapy in treatment-resistant depression: A post-hoc analysis of a randomized, waitlist-controlled trial",2025,10.1016/j.pnpbp.2025.111565,JOUR
WOS,Developing the Open Psychedelic Evaluation Nexus consensus measures for assessment of supervised psilocybin services: An e-Delphi study,2024,10.1177/02698811241257839,JOUR
WOS,Transient Elevation of Plasma Glucocorticoids Supports Psilocybin-Induced Anxiolysis in Mice,2023,10.1021/acsptsci.3c00123,JOUR
WOS,Age- and estrous-dependent effects of psilocybin in rats,2025,10.1016/j.neuropharm.2025.110619,JOUR
WOS,Single-dose psilocybin promotes cell-type-specific changes of neurons in the orbitofrontal cortex,2026,10.1016/j.neurot.2026.e00841,JOUR
WOS,Psilocybin during the postpartum period induces long-lasting adverse effects in both mothers and offspring,2025,10.1038/s41467-025-64371-5,JOUR
WOS,Next generation antidepressants with novel mechanisms for treatment resistant depression,2023,10.1016/bs.pbr.2023.02.005,CHAP
WOS,"Synthesis of Psilocin, Psilocybin and 5-MeO-DMT Succinate, All Labelled With Carbon-14 at the Indole 2-Position",2025,10.1002/jlcr.4155,JOUR
WOS,"Deciphering psilocybin: Cytotoxicity, anti-inflammatory effects, and mechanistic insights",2024,10.1016/j.intimp.2024.111753,JOUR
WOS,Manic episode following psilocybin use in a man with bipolar II disorder: a case report,2023,10.3389/fpsyt.2023.1221131,JOUR
WOS,Psilocybin Dispensaries and Online Health Claims in Canada,2025,10.1001/jamanetworkopen.2025.2853,JOUR
WOS,Efficacy and Safety of a Single Dose of Psilocybin for Chronic Suicidal Ideation: An Open-Label Trial,2026,,JOUR
WOS,Psilocybin reduces grooming in the SAPAP3 knockout mouse model of compulsive behaviour,2025,10.1016/j.neuropharm.2024.110202,JOUR
WOS,A Single Administration of Psilocybin Persistently Rescues Cognitive Deficits Caused by Adolescent Chronic Restraint Stress Without Long-Term Changes in Synaptic Protein Gene Expression in a Rat Experimental System with Translational Relevance to Depression,2023,10.1089/psymed.2022.0012,JOUR
WOS,Role of endogenous serotonin in psychedelic-like effects of psilocybin in mice,2025,10.1093/ijnp/pyaf035,JOUR
WOS,Research on microdosing with psilocybin mushrooms: a reflection paper,2023,10.17151/culdr.2023.28.35.3,JOUR
WOS,Compass Psychological Support Model for COMP360 Psilocybin Treatment of Serious Mental Health Conditions,2025,10.1176/appi.ajp.20230884,JOUR
WOS,Psilocybin-induced neurocardiogenic syncope: a case report,2026,10.1007/s00213-026-07079-8,JOUR
WOS,"Psilocybin Enhances Cued Fear Extinction and Extinction Recall in Stress-Naive, Acutely Stressed, and Chronically Stressed Mice",2025,10.1021/acsptsci.5c00462,JOUR
WOS,Psilocybin restrains activity-based anorexia in female rats by enhancing cognitive flexibility: contributions from 5-HT1A and 5-HT2A receptor mechanisms,2024,10.1038/s41380-024-02575-9,JOUR
WOS,Cystathionine Gamma-Lyase Regulate Psilocybin Biosynthesis in Gymnopilus dilepis Mushroom via Amino Acid Metabolism Pathways,2022,10.3390/jof8080870,JOUR
WOS,Psilocybin and Ibogaine in Cocaine-Seeking: Extinction Enhancement Without Relapse Prevention,2026,10.1111/adb.70111,JOUR
WOS,Hope for Neurotic Disorders: A Summary of New Zealand Research on the Development of Biomarkers and Novel Treatments,2026,10.1002/snz2.70002,JOUR
WOS,5-MeO-DMT modifies innate behaviors and promotes structural neural plasticity in mice,2023,10.1038/s41386-023-01572-w,JOUR
WOS,Improved mental health outcomes and normalised spontaneous EEG activity in veterans reporting a history of traumatic brain injuries following participation in a psilocybin retreat,2025,10.3389/fpsyt.2025.1594307,JOUR
WOS,"Psilocybin: Characterization of the Metastable Zone Width (MSZW), Control of Anhydrous Polymorphs, and Particle Size Distribution (PSD)",2022,10.1021/acsomega.1c06708,JOUR
WOS,The Effect of Combined Treatment of Psilocybin and Eugenol on Lipopolysaccharide-Induced Brain Inflammation in Mice,2023,10.3390/molecules28062624,JOUR
WOS,Blocking 5-HT2B receptors abolishes psilocybin's efficacy in the rat forced swim test,2026,10.1177/02698811261458349,JOUR
WOS,Psilocybin-containing mushroom-assisted psychotherapy is associated with sustained psychological and somatic improvements: two case studies from Jamaica,2026,10.3389/fpsyt.2026.1876189,JOUR
WOS,Therapeutic Potential of Psilocybin for Treating Neuropsychiatric Long COVID Symptoms: A Reddit Investigation,2025,10.1080/02791072.2025.2478097,JOUR
WOS,Amid magic and menace: psychiatrists' attitudes to psilocybin therapy,2024,10.1017/ipm.2024.49,JOUR
WOS,Avoiding Stigma and Sensationalism in Therapeutic Psilocybin Communications: Considerations for Older Patients,2025,10.1016/j.jagp.2025.07.003,JOUR
WOS,Striking long-term beneficial effects of single dose psilocybin and psychedelic mushroom extract in the SAPAP3 rodent model of OCD-like excessive self-grooming,2025,10.1038/s41380-024-02786-0,JOUR
WOS,The role of therapeutic alliance in psilocybin treatment for treatment-resistant depression: A post hoc path analysis,2026,10.1016/j.jad.2026.121662,JOUR
WOS,"Factors Associated with Intentions to Use Psilocybin for Mental Health in Relation to Psychotherapy, Psychiatric Medications, and Natural/Synthetic Options",2026,10.1080/02791072.2026.2727013,JOUR
WOS,Psilocybin produces amplified acute responses and sex-specific long-term increases in sensorimotor gating in the mGlu5 knockout mouse model of schizophrenia,2026,10.1038/s41386-026-02501-3,JOUR
WOS,Psilocybin-assisted therapy for treatment-resistant depression in the US: a model-based cost-effectiveness analysis,2025,10.1038/s41398-025-03556-4,JOUR
WOS,Divergent effects of ketamine and psilocybin on EEG power spectral density in a mismatch negativity paradigm,2025,10.1007/s00213-025-06952-2,JOUR
WOS,Acute psilocybin and ketanserin effects on cerebral blood flow: 5-HT2AR neuromodulation in healthy humans,2025,10.1177/0271678x251323364,JOUR
WOS,Assessing the utility of in silico tools in early drug development: The case of a pharmaceutically relevant formulation of the prodrug psilocybin,2024,10.1016/j.jddst.2023.105305,JOUR
WOS,Psilocybin reduces low frequency oscillatory power and neuronal phase-locking in the anterior cingulate cortex of awake rodents,2022,10.1038/s41598-022-16325-w,JOUR
WOS,"Efficacy, Safety, and Tolerability of Psychedelics in Treatment-Resistant Depression ( TRD)",2024,10.1007/978-981-97-4402-2,CHAP
WOS,The changing outlook of psychedelic drugs: The importance of risk assessment and occupational exposure limits,2024,10.1002/jat.4533,JOUR
WOS,Medical Students' Attitudes and Beliefs Toward Psilocybin: Does Terminology and Personal Experience with Psychedelics Matter?,2023,10.1089/psymed.2023.0022,JOUR
WOS,Psilocybin induces sex-and context-specific recruitment of the stress axis,2026,10.1016/j.cub.2025.11.031,JOUR
WOS,Nature-themed video intervention may improve cardiovascular safety of psilocybin-assisted therapy for alcohol use disorder,2023,10.3389/fpsyt.2023.1215972,JOUR
WOS,Worsening suicidal ideation and prolonged adverse event following psilocybin administration in a clinical setting: case report and thematic analysis of one participant's experience,2024,10.1192/bjo.2024.768,JOUR
WOS,Psilocybin elicits a conserved glucocorticoid-responsive gene signature across five 5-HT2A receptor-rich brain regions in rat,2026,10.1017/neu.2026.10075,JOUR
WOS,"Repeated low doses of psilocybin increase resilience to stress, lower compulsive actions, and strengthen cortical connections to the paraventricular thalamic nucleus in rats",2023,10.1038/s41380-023-02280-z,JOUR
WOS,Modeled Long-Term Effects of Psilocybin on Dynamic Activity and Effective Connectivity of Fronto-Striatal-Thalamic Circuits,2026,10.1002/hbm.70596,JOUR
WOS,Attenuation of psilocybin mushroom effects during and after SSRI/SNRI antidepressant use,2023,10.1177/02698811231179910,JOUR
WOS,Skepticism about Recent Evidence That Psilocybin Liberates Depressed Minds,2022,10.1021/acschemneuro.2c00461,JOUR
WOS,Single-dose (10 mg) psilocybin reduces symptoms in adults with obsessive-compulsive disorder: A pharmacological challenge study,2025,10.1016/j.comppsych.2025.152619,JOUR
WOS,Dissociable effects of psilocybin and escitalopram for depression on processing of musical surprises,2025,10.1038/s41380-025-03035-8,JOUR
WOS,Personality change in a trial of psilocybin therapy v. escitalopram treatment for depression,2024,10.1017/s0033291723001514,JOUR
WOS,"An exploration of the relationships between the effects of psilocybin on behavior, 5-HT2A receptor occupancy, and neuroplastic effects in mice",2026,10.1177/02698811251395386,JOUR
WOS,"Psilocybin in the real world: Regulatory, ethical, and operational challenges in Australia's clinical landscape",2026,10.1177/00048674251398677,JOUR
WOS,"Psilocybin induces acute and persisting alterations in immune status in healthy volunteers: An experimental, placebo-controlled study",2023,10.1016/j.bbi.2023.09.004,JOUR
WOS,Pilot study of single-dose psilocybin for serotonin reuptake inhibitor-resistant body dysmorphic disorder,2023,10.1016/j.jpsychires.2023.03.031,JOUR
WOS,Contribution of the Serotonin 5-HT2A Receptor to the Therapeutic Effect of Psilocin on Social Behavior Deficits in Mice Repeatedly Exposed to Social Defeat Stress,2026,10.1002/npr2.70152,JOUR
WOS,Study protocol of an open-label proof-of-concept trial examining the safety and clinical efficacy of psilocybin-assisted therapy for veterans with PTSD,2023,10.1136/bmjopen-2022-068884,JOUR
WOS,Aquahenosis: a non-pharmacological altered state of consciousness induced by floatation-REST in individuals with anxiety and depression,2026,10.1093/nc/niag044,JOUR
WOS,Insights from the psychedelic experience integration session: Verbatims differentiate 3-month abstinence in alcohol use disorder with depressive symptoms,2026,10.1016/j.jad.2026.121215,JOUR
WOS,Aesthetic chills mitigate maladaptive cognition in depression,2024,10.1186/s12888-023-05476-3,JOUR
WOS,"Psilocybin, fashionable therapy for the Google world",2023,10.17151/culdr.2023.28.35.4,JOUR
WOS,"Premorbid characteristics of the SAPAP3 mouse model of obsessive-compulsive disorder: behavior, neuroplasticity, and psilocybin treatment",2025,10.1093/ijnp/pyaf022,JOUR
WOS,New Pharmacologic Approaches to the Treatment of Bipolar Depression,2023,10.1007/s40265-023-01872-x,JOUR
WOS,"Multidimensional Personality Changes Following Psilocybin-Assisted Therapy in Patients With Alcohol Use Disorder: Results From a Double-Blind, Placebo-Controlled Clinical Trial",2025,10.1176/appi.ajp.20230887,JOUR
WOS,Classic Psychedelics for the Treatment of Depression: Potential Benefits and Challenges,2025,10.1007/s40265-025-02172-2,JOUR
WOS,Psychedelic use and bipolar disorder - An investigation of recreational use and its impact on mental health,2025,10.1016/j.jad.2024.12.044,JOUR
WOS,Psychedelics and the 'inner healer': Myth or mechanism?,2024,10.1177/02698811241239206,JOUR
WOS,"Safety, feasibility, and preliminary clinical outcomes of psilocybin-assisted therapy for veterans with severe, treatment-resistant PTSD: an open-label pilot clinical trial",2026,10.1038/s43856-026-01767-4,JOUR
WOS,Journeying into Right Relations: Scientists Turn to Psilocybin to Shift Psychological Burdens of Global Environmental Change and Find Transformational Pathways Forward,2026,10.1177/14767503251404263,JOUR
WOS,Long- term administration of low doses of psilocybin causes epigenetic changes in the rat medial prefrontal cortex,2026,10.1007/s00213-026-07132-6,JOUR
WOS,Preclinical perspectives on the mechanisms underlying the therapeutic actions of psilocybin in psychiatric disorders,2023,10.1016/j.neuropharm.2023.109504,JOUR
WOS,Psilocin fosters neuroplasticity in iPSC-derived human cortical neurons,2026,10.7554/elife.104006.3.sa3,JOUR
WOS,Consistent evidence that brain serotonin 2A receptor binding is positively associated with personality-based risk markers of depression,2025,10.1192/bjp.2024.143,JOUR
WOS,The Use of Illicit Drugs in Therapy: an Introduction,2023,10.1007/s40429-023-00509-z,JOUR
WOS,An open-label pilot trial assessing tolerability and feasibility of LSD microdosing in patients with major depressive disorder (LSDDEP1),2023,10.1186/s40814-023-01399-8,JOUR
WOS,Synergistic behavioral and neuroplastic effects of psilocybin-NMDAR modulator administration,2025,10.1038/s41398-025-03428-x,JOUR
WOS,Unraveling psilocybin's therapeutic potential: behavioral and neuroplasticity insights in Wistar-Kyoto and Wistar male rat models of treatment-resistant depression,2025,10.1007/s00213-024-06644-3,JOUR
WOS,Psilocybin analog 4-OH-DiPT enhances fear extinction and GABAergic inhibition of principal neurons in the basolateral amygdala,2024,10.1038/s41386-023-01744-8,JOUR
WOS,Psychedelic-assisted Therapy as a Promising Treatment for Irritable Bowel Syndrome,2025,10.1097/mcg.0000000000002149,JOUR
WOS,Exploring the Therapeutic Effects of Psychedelics Administered to Military Veterans in Naturalistic Retreat Settings,2025,10.1002/brb3.70660,JOUR
WOS,Perturbing whole-brain models of brain hierarchy: An application for depression following pharmacological treatment,2025,10.1111/nyas.15391,JOUR
WOS,"Psychedelic Treatments in Adolescent Psychopharmacology: Considering Safety, Ethics, and Scientific Rigor",2025,10.1089/cap.2024.0082,JOUR
WOS,Acute and Enduring Effects of Naturalistic Psychedelic Use Among Indigenous Peoples in Canada and the United States,2022,10.1037/cap0000338,JOUR
WOS,Improving access to novel treatments for treatment-resistant depression: The potential role of specialist clinics in Australia,2026,10.1177/00048674261450390,JOUR
WOS,Ethopharmacological evaluation of antidepressant-like effect of serotonergic psychedelics in C57BL/6J male mice,2024,10.1007/s00210-023-02778-x,JOUR
WOS,Psilocin mediates long-term synaptic depression in the prelimbic cortex through 5-HT2A receptor-independent mechanisms,2026,10.1016/j.neuropharm.2026.110854,JOUR
WOS,The Music for Subanesthetic Infusions of Ketamine randomised clinical trial: ketamine as a psychedelic treatment for highly refractory depression,2026,10.1192/bjp.2025.102,JOUR
WOS,Serotonergic Psychedelics Rapidly Modulate Evoked Glutamate Release in Cultured Cortical Neurons,2025,10.1111/jnc.70020,JOUR
WOS,Effects of the 5-HT2A receptor antagonist volinanserin on head-twitch response and intracranial self-stimulation depression induced by different structural classes of psychedelics in rodents,2022,10.1007/s00213-022-06092-x,JOUR
WOS,"Characteristics and mental health of psychedelic mushroom and multi-psychedelic users relative to non-psychedelic users in American adults, 2020-2021",2025,10.3389/fpsyt.2025.1508811,JOUR
WOS,"Discovery and Structure-Activity Relationships of 2,5-Dimethoxyphenylpiperidines as Selective Serotonin 5-HT2A Receptor Agonists",2024,10.1021/acs.jmedchem.4c00082,JOUR
WOS,Antidepressant-like effects of psychedelics in a chronic despair mouse model: is the 5-HT2A receptor the unique player?,2024,10.1038/s41386-024-01794-6,JOUR
WOS,"Synapses, predictions, and prediction errors: A neocortical computational study of MDD using the temporal memory algorithm of HTM",2023,10.3389/fpsyt.2023.976921,JOUR
WOS,"Zalsupindole is a Nondissociative, Nonhallucinogenic Neuroplastogen with Therapeutic Effects Comparable to Ketamine and Psychedelics",2025,10.1021/acschemneuro.5c00667,JOUR
WOS,"""It Fueled the Fire to Who I Am Now"": Exploring Motivations for Microdosing Psychedelics",2025,10.1177/00220426251395178,JOUR
WOS,Structure-Guided Design of Novel 5-HT2A Partial Agonists as Psychedelic Analogues with Antidepressant Effects,2025,10.1021/acs.jmedchem.5c02045,JOUR
WOS,Exploring a Decade of Microdosing Research: A Qualitative Meta-synthesis of Microdosing Literature,2026,10.1080/01639625.2026.2624690,JOUR
WOS,A suite of engineered mice for interrogating psychedelic drug actions,2026,10.1038/s41593-026-02375-0,JOUR
WOS,Unlocking 'stuckness' and catalysing change: A qualitative study of clinician and service leader perspectives on psychedelic-assisted therapy for substance use and mental health problems,2026,10.1111/add.70403,JOUR
WOS,Effect of oral tryptamines on the gut microbiome of rats-a preliminary study,2024,10.7717/peerj.17517,JOUR
WOS,Addressing a major interference in the quantification of psilocin in mouse plasma: Development of a validated liquid chromatography tandem mass spectrometry method,2024,10.1016/j.chroma.2024.465123,JOUR
WOS,Enhanced meaning in life following psychedelic use: converging evidence from controlled and naturalistic studies,2025,10.3389/fpsyg.2025.1580663,JOUR
WOS,Psychedelic-assisted psychotherapy for the treatment of major depression: a synthesis of phenomenological explanations,2022,10.1007/s11019-022-10070-7,JOUR
WOS,Predicting the Intensity of Psychedelic-Induced Mystical and Challenging Experience in a Healthy Population: An Exploratory Post-Hoc Analysis,2023,10.2147/ndt.s426193,JOUR
WOS,"Rapid and sustained antidepressant effects of vaporized N,N-dimethyltryptamine: a phase 2a clinical trial in treatment-resistant depression",2025,10.1038/s41386-025-02091-6,JOUR
WOS,Suggested Guidelines for Applying a Systemic Lens to Psychedelic-Assisted Psychotherapy,2025,10.1177/28314425251404021,JOUR
WOS,Rapid-acting antidepressant drugs modulate affective bias in rats,2024,10.1126/scitranslmed.adi2403,JOUR
WOS,Expectations and Motivations for Participation in Clinical Trials Utilizing Psychedelics for Treatment-Resistant Depression: A Qualitative Study,2026,10.1002/brb3.71544,JOUR
WOS,Psychedelics and sexual functioning: a mixed-methods study,2024,10.1038/s41598-023-49817-4,JOUR
WOS,Stutterers' experiences on classic psychedelics: A preliminary self-report study,2024,10.1016/j.jfludis.2024.106062,JOUR
WOS,Molecular mechanisms of rapid-acting antidepressants: New perspectives for developing antidepressants,2023,10.1016/j.phrs.2023.106837,JOUR
WOS,Personal Psychedelic Use Is Common Among a Sample of Psychedelic Therapists: Implications for Research and Practice,2023,10.1089/psymed.2022.0004,JOUR
WOS,Effects of psychedelic use on authoritarian attitudes revisited,2026,10.1177/02698811261443677,JOUR
WOS,Therapeutic Potential of Classical Psychedelics and Non-Hallucinogenic Psychoplastogens in Psychiatric Disorders,2026,10.65801/pcp.3512,JOUR
WOS,The Medial Prefrontal Cortex Modulates Psychedelic-like Effects of Psilocin,2025,10.1021/acsptsci.5c00324,JOUR
WOS,Adverse experiences resulting in emergency medical treatment seeking following the use of magic mushrooms,2022,10.1177/02698811221084063,JOUR
WOS,'So many relationships in the room': Participant perspectives on the affordances and challenges of co-therapy in psychedelic assisted therapy,2026,10.1111/papt.70098,JOUR
WOS,Socio-psychedelic imaginaries: envisioning and building legal psychedelic worlds in the United States,2022,10.1186/s40309-022-00199-2,JOUR
WOS,Aesthetic quality of psychedelic experience is linked to insight and psychological outcomes,2025,10.3389/fpsyg.2025.1533055,JOUR
WOS,Challenges with clinical trial participants in studies with classical psychedelics: A position statement from the National Network of Depression Centers' task group on psychedelics and related compounds,2026,10.1177/02698811251413490,JOUR
WOS,Beyond the 5-HT2A Receptor: Classic and Nonclassic Targets in Psychedelic Drug Action,2023,10.1523/jneurosci.1384-23.2023,JOUR
WOS,Preliminary validation and refinement of the psychedelic aesthetic experience questionnaire,2025,10.3389/fpsyg.2025.1648968,JOUR
WOS,Time-dependent effects of rapid-acting antidepressants in iPSC-derived neurons from treatment-resistant depression and healthy volunteers,2026,10.1038/s41380-026-03768-0,JOUR
WOS,Rural-Urban Disparities in Access to Interventional Psychiatry Treatments Among US Department of Veterans Affairs Patients,2026,10.1037/rmh0000333,JOUR
WOS,Characteristics of Ongoing Clinical Trials of Psychogenic Substances for Psychiatric Disorders,2025,10.1097/jcp.0000000000002095,JOUR
WOS,Synergistic psychedelic - NMDAR modulator treatment for neuropsychiatric disorders,2024,10.1038/s41380-023-02312-8,JOUR
WOS,"A novel psychedelic 5-HT2A receptor agonist GM-2505: The pharmacokinetic, safety, and pharmacodynamic profile from a randomized trial healthy volunteer",2026,10.1177/02698811251378512,JOUR
WOS,"Psilocybin, moralization and psychotherapy: a coping review and a case report",2025,10.1080/09515089.2024.2389962,JOUR
WOS,Differential effects of psilocybin derivatives on fentanyl-induced conditioned place preference in male and female mice,2026,10.1177/02698811261478613,JOUR
WOS,Phenomenological assessment of psychedelics induced experiences: Translation and validation of the German Challenging Experience Questionnaire (CEQ) and Ego-Dissolution Inventory (EDI),2022,10.1371/journal.pone.0264927,JOUR
WOS,Serotonin 5-HT2A receptor expression is chronically decreased in the anterior cerebral cortex of male rats following repetitive low-level blast exposure,2025,10.3389/fneur.2025.1594335,JOUR
WOS,Self-administered complementary and alternative methods of treating mental disorders among students in Wrocław: a cross-sectional study,2026,10.3389/fpubh.2025.1734137,JOUR
WOS,"Psychedelics and autism spectrum disorder: Mechanistic insights, translational evidence and ethical challenges",2026,10.1016/j.jpsychires.2026.06.035,JOUR
WOS,Assessment of Bioactivity-Modulating Pseudo-Ring Formation in Psilocin and Related Tryptamines,2022,10.1002/cbic.202200183,JOUR
WOS,Psychedelic-Induced Serotonin 2A Receptor Downregulation Does Not Predict Swim Stress Coping in Mice,2022,10.3390/ijms232315284,JOUR
WOS,"Mystery shopper assessments of cannabis retailer practices and regulatory compliance in five US states, 2025",2026,10.1016/j.drugalcdep.2026.113218,JOUR
WOS,Indigenous-Amazonian Traditional Medicine's Usage of the Tobacco Plant: A Transdisciplinary Ethnopsychological Mixed-Methods Case Study,2023,10.3390/plants12020346,JOUR
WOS,"The Watts Connectedness Scale: a new scale for measuring a sense of connectedness to self, others, and world",2022,10.1007/s00213-022-06187-5,JOUR
WOS,"Psychoactive mushroom edibles: trends and toxicities reported to the United States National Poison Data System®, 2023-2024",2026,10.1080/15563650.2025.2599402,JOUR
WOS,"MFCC-DFT mapping of ligand recognition at the 5-HT2A receptor: energetic analysis of the interactions between serotonin, psychedelics, and antipsychotics",2026,10.1039/d6cp00943c,JOUR
WOS,"Lessons learned from the regulatory alignment in ketamine, esketamine and arketamine clinical trials: A cross-sectional analysis of protocols from ClinicalTrials.gov",2025,10.1016/j.psychres.2025.116559,JOUR
WOS,Beliefs and Perceived Barriers Regarding Psychedelic-assisted Therapy in a Pilot Study of Service Members and Veterans With a History of Traumatic Brain Injury,2023,10.1093/milmed/usac400,JOUR
WOS,"Effects of conscious connected breathing on cortical brain activity, mood and state of consciousness in healthy adults",2024,10.1007/s12144-023-05119-6,JOUR
WOS,American Psychiatrists' Opinions About Classic Hallucinogens and Their Potential Therapeutic Applications: A 7-Year Follow-Up Survey,2024,10.1089/psymed.2023.0036,JOUR
WOS,Differences across sexes on head-twitch behavior and 5-HT2A receptor signaling in C57BL/6J mice,2022,10.1016/j.neulet.2022.136836,JOUR
WOS,Structural insights into tryptamine psychedelics: The role of hydroxyl indole ring site in 5-HT2A receptor activation and psychedelic-like activity,2025,10.1016/j.ejmech.2024.117049,JOUR
WOS,Convergent neuroimmune signaling underlying rapid antidepressant response to ketamine and psychedelics,2026,10.1038/s41380-026-03777-z,JOUR
OVID,Treatment Expectancies and Psilocybin vs Escitalopram for Depression.,2025,10.1001/jamapsychiatry.2024.4387,Letter
OVID,Psilocybin for major depressive disorder:  An updated systematic review and meta-analysis of randomized clinical trials.,2026,10.1177/02698811241287542,Miscellaneous Article
OVID,Psilocybin-assisted therapy for individuals with palliative care needs:  A systematic review of safety and efficacy.,2026,10.1177/02692163251383335,Review
OVID,Psilocybin as a novel treatment for chronic pain.,2024,10.1111/bph.17420,Review
OVID,Psilocybin shows mixed results for patients with treatment-resistant depression.,2026,10.1002/pu.31461,Miscellaneous
OVID,Pharmacokinetic and pharmacodynamic rational for expanding the therapeutic landscape of psilocybin beyond depression.,2026,10.1016/j.phrs.2026.108290,Miscellaneous
OVID,Short-Term and Late-Term Effects of Psilocybin on Symptoms in Major Depression: A Randomized Clinical Trial.,2026,10.1001/jamanetworkopen.2026.12589,Article
OVID,"Psilocybin-assisted therapy in treatment-resistant depression:  rapid remission, uncertain durability, and the next phase of clinical evidence.",2026,10.1097/ms9.0000000000005244,Editorial
OVID,The Relationship Between Participant Pretreatment Clinical Presentation and the Quality of Psilocybin Experience: A Retrospective Analysis.,2026,10.1097/jcp.0000000000002119,Article
OVID,An Open-Label Study of Single-Dose Psilocybin for Borderline Personality Disorder With Co-Occurring Major Depressive Disorder.,2026,10.1097/wnf.0000000000000683,Article
OVID,Psilocybin for Depression: Not Ready for Prime Time.,2026,10.1056/clinjwna59987,Miscellaneous
OVID,"Effect of psilocybin therapy on suicidal ideation, attempts, and deaths in people with psychiatric diagnoses:  a systematic review and meta-analysis.",2025,10.1177/20451253251372449,Miscellaneous Article
OVID,Examining mystical experiences as a predictor of psilocybin-assisted psychotherapy for treatment-resistant depression.,2025,10.1177/02698811251346697,Article
OVID,"Pharmacological Management of Anxiety in End-of-Life Care:  A Systematic Review of Benzodiazepines, Opioids, and Psilocybin.",2026,10.1002/hup.70032,Review
OVID,"Correction to ""Acceptability of psilocybin-assisted group therapy in patients with cancer and major depressive disorder:  Qualitative analysis"".",2025,10.1002/cncr.70003,Correction
OVID,The safety of psilocybin-assisted psychotherapy:  A systematic review.,2025,10.1177/00048674241289024,Article
OVID,Psilocybin-assisted psychotherapy for Parkinson's disease without depression:  A case-report.,2025,10.1177/1877718x241312604,Report
OVID,Control group improvement lower in psilocybin trials for depression.,2025,10.1002/pu.31371,Miscellaneous
OVID,The pharmacological treatment of anxiety in people with eating disorders: A systematic review.,2025,10.1016/j.phrs.2025.107782,Article
OVID,Trial finds psilocybin improves symptoms in treatment-resistant depression.,2025,10.1002/pu.31317,Miscellaneous
OVID,"Control Group Outcomes in Trials of Psilocybin, SSRIs, or Esketamine for Depression: A Meta-Analysis.",2025,10.1001/jamanetworkopen.2025.24119,Article
OVID,Neurobiological mechanisms of antidepressant properties of psilocybin: A systematic review of blood biomarkers.,2025,10.1016/j.pnpbp.2025.111251,Article
OVID,Psilocybin for clinical indications:  A scoping review.,2024,10.1177/02698811241269751,Review
OVID,EXPRESSION OF CONCERN: Efficacy of psilocybin for treating symptoms of depression: systematic review and meta-analysis.,2024,10.1136/bmj.q1025,Correction
OVID,"Psilocybin reduces symptoms in treatment resistant depression, trial results show.",2024,10.1136/bmj.o2623,Miscellaneous
OVID,Psilocybin Therapy for Clinicians With Symptoms of Depression From Frontline Care During the COVID-19 Pandemic: A Randomized Clinical Trial.,2024,10.1001/jamanetworkopen.2024.49026,Article
OVID,Psilocybin Improved Depression Among Frontline COVID-19 Care Providers.,2025,10.1056/nejm-jw.na58283,Miscellaneous
OVID,Psilocybin-assisted group therapy in patients with cancer diagnosed with a major depressive disorder.,2024,10.1002/cncr.35010,Article
OVID,Exploring psychedelic use in athletes and their attitudes toward psilocybin-assisted therapy in concussion recovery.,2024,10.1177/20451253241264812,Article
OVID,Treating Bipolar Depression Using Psilocybin-Validity Threats Regarding Efficacy and Safety-Reply.,2024,10.1001/jamapsychiatry.2024.0423,Letter
OVID,Treating Bipolar Depression Using Psilocybin-Validity Threats Regarding Efficacy and Safety.,2024,10.1001/jamapsychiatry.2024.0420,Letter
OVID,Psilocybin for depression.,2024,10.1136/bmj.q798,Editorial
OVID,Efficacy of psilocybin for treating symptoms of depression: systematic review and meta-analysis.,2024,10.1136/bmj-2023-078084,Miscellaneous Article
OVID,Is psilocybin effective for treatment of depression?.,2024,10.1097/ebp.0000000000002021,Miscellaneous
OVID,Personality Change in a Trial of Psilocybin Therapy vs Escitalopram Treatment for Depression - CORRIGENDUM.,2024,10.1017/s0033291723002039,Correction
OVID,Single dose of psilocybin improves depressive symptoms in Phase 2 study.,2023,10.1002/pu.31093,Miscellaneous
OVID,Psilocybin therapy to reduce depression following a terminal diagnosis.,2023,10.1097/01.jaa.0000994952.07847.2d,Abstract
OVID,"Psilocybin, escitalopram have comparable effects on personality in patients with depression.",2023,10.1002/pu.31080,Miscellaneous
OVID,Single-Dose Psilocybin Treatment for Major Depressive Disorder: A Randomized Clinical Trial.,2023,10.1001/jama.2023.14530,Article
OVID,"Comparative antidepressant effects and safety of intravenous racemic ketamine, psilocybin and theta burst stimulation for major depressive disorder:  A systematic review and network meta-analyses of randomized controlled trials.",2024,10.1002/pcn5.70042,Article
OVID,Psilocybin therapy:  A novel approach to treating depression.,2023,10.1097/gh9.0000000000000175,Editorial
OVID,Long term efficacy of psilocybin in patients with cancer and major depressive disorder (MDD).,2023,10.1200/jco.2023.41.16_suppl.12021,Report
OVID,Assessment of Psilocybin Therapy for Patients With Cancer and Major Depression Disorder.,2023,10.1001/jamaoncol.2023.0351,Letter
OVID,Psilocybin for Treatment-Resistant Depression.,2023,10.1056/nejmc2215459,Letter
OVID,Novel Approaches for Managing Depression.,2023,10.1056/nejm-jw.na56885,Review
OVID,Efficacy and safety of psilocybin-assisted treatment for major depressive disorder:  Prospective 12-month follow-up.,2022,10.1177/02698811211073759,Article
OVID,Single-Dose Psilocybin for a Treatment-Resistant Episode of Major Depression.,2022,10.1056/nejmoa2206443,Article
OVID,The safety and efficacy of psilocybin therapy in patients with cancer and major depressive disorder.,2022,10.1200/jco.2022.40.16_suppl.12097,Report
OVID,Evaluation of a facilitator training program in a randomized controlled trial of psilocybin treatment for depression,2026,10.1186/s12909-026-09124-8,Journal article
OVID,Human brain changes after first psilocybin use,2026,10.1038/s41467-026-71962-3,Journal article
OVID,COMBINATION OF PSILOCYBIN AND COGNITIVE BEHAVIORAL THERAPY IMPROVES OXYTOCIN LEVELS AND DEPRESSIVE SYMPTOMS IN PATIENTS WITH MAJOR DEPRESSIVE DISORDER,2026,10.4238/e91xh631,Journal article
OVID,Microdosing psilocybin for major depressive disorder: study protocol for a phase II double-blind placebo-controlled randomised partial crossover trial - CORRIGENDUM,2026,10.1192/bjo.2026.12000,"Journal article, Erratum"
OVID,Psilocybin-assisted psychotherapy improves psychiatric symptoms across multiple dimensions in patients with cancer,2024,10.1038/s44220-024-00331-0,Journal article
OVID,"Single-dose psilocybin for a treatment-resistant episode of major depression: impact on patient-reported depression severity, anxiety, function, and quality of life",2023,10.1016/j.jad.2023.01.108,Journal article
OVID,How does psilocybin therapy work? An exploration of experiential avoidance as a putative mechanism of change,2023,10.1016/j.jad.2023.04.105,Journal article
OVID,"Psilocybin-assisted therapy for major depressive disorder: an exploratory placebo-controlled, fixed-order trial",2023,10.1177/02698811231154852,Journal article
OVID,Sub-acute effects of psilocybin on EEG correlates of neural plasticity in major depression: relationship to symptoms,2023,10.1177/02698811231179800,Journal article
OVID,Psychological flexibility as a mechanism of change in psilocybin-assisted therapy for major depression: results from an exploratory placebo-controlled trial,2024,10.1038/s41598-024-58318-x,Journal article
OVID,Psilocybin increases emotional empathy in patients with major depression,2025,10.1038/s41380-024-02875-0,Journal article
OVID,Reduced Brain Responsiveness to Emotional Stimuli With Escitalopram But Not Psilocybin Therapy for Depression,2025,10.1176/appi.ajp.20230751,Journal article
OVID,The effects of psilocybin therapy versus escitalopram on cognitive bias: a secondary analysis of a randomized controlled trial,2025,10.1016/j.euroneuro.2025.06.003,Journal article
OVID,PSILOCYBIN FOR TREATMENT-RESISTANT MAJOR DEPRESSION - RESULTS FROM AN ACADEMIC PHASE 2B RANDOMIZED-CONTROLLED TRIAL,2024,10.1038/s41386-024-02013-y,"Journal article, Conference proceeding"
OVID,PSILOCYBIN THERAPY FOR DEPRESSION AND ANXIETY IN PARKINSON'S DISEASE: AN OPEN-LABEL PILOT STUDY,2024,10.1038/s41386-024-02012-z,"Journal article, Conference proceeding"
OVID,CYB003 Produces Robust and Enduring Antidepressant Effects in Patients With Major Depressive Disorder (MDD),2024,10.1038/s41386-024-02011-0,"Journal article, Conference proceeding"
OVID,Preliminary Effects of Psilocybin in Patients With Major Depressive Disorder and Co-Occurring Alcohol Use Disorder,2024,10.1038/s41386-024-02010-1,"Journal article, Conference proceeding"
OVID,Methodological challenges in psychedelic drug trials: efficacy and safety of psilocybin in treatment-resistant major depression (EPIsoDE) - Rationale and study design,2022,10.1016/j.nsa.2022.100104,Journal article
OVID,LONG-TERM EFFICACY OF PSILOCYBIN IN TREATMENTRESISTANT MAJOR DEPRESSION (EPISODE): 6- AND 12-MONTH OBSERVATIONAL FOLLOW-UP OF A PHASE 2B TRIAL,2026,10.1038/s41386-025-02281-2,"Journal article, Conference proceeding"
OVID,PRELIMINARY FINDINGS OF AN 8-WEEK PROOF OF CONCEPT TRIAL EVALUATING PSILOCYBIN-ASSISTEDPSYCHOTHERAPY IN ADULTS WITH CANNABIS USE DISORDER,2026,10.1038/s41386-025-02280-3,"Journal article, Conference proceeding"
OVID,Impact of Psilocybin on Peripheral Cytokine Production,2024,10.1089/psymed.2023.0039,Journal article
OVID,Changes in symptoms of anhedonia with psilocybin-assisted psychotherapy: a secondary analysis of a randomized clinical trial for treatment-resistant depression,2024,10.1111/bdi.13476,"Journal article, Conference proceeding"
OVID,Psilocybin-Assisted Group Psychotherapy + Mindfulness Based Stress Reduction (MBSR) for Frontline Healthcare Provider COVID-19 Related Depression and Burnout: a Randomized Clinical Trial,2025,10.1101/2024.12.31.24319806,Preprint
OVID,Stepping back into life: how Psychedelic Assisted Psychotherapy transforms the way of life of the terminally ill,2026,10.1016/j.genhosppsych.2025.12.002,Journal article
OVID,Ketamine and Psilocybin Differentially Impact Sensory Learning During the Mismatch Negativity,2025,10.1101/2025.11.06.687023,Preprint
OVID,PSILOCYBIN AND KETANSERIN VS RTMS IN TREATMENT-RESISTANT DEPRESSION: ENHANCING TOLERABILITY BY MITIGATING PSYCHEDELIC EFFECTS,2025,10.1093/ijnp/pyaf052.093,"Journal article, Conference proceeding"
OVID,"Psilocybin-assisted therapy for severe alcohol use disorder: protocol for a double-blind, randomized, placebo-controlled, 7-month parallel-group phase II superiority trial",2024,10.1186/s12888-024-05502-y,Journal article
OVID,Psilocybin's Effects on Headache Frequency are Not Related to Acute Psychedelic Effects or Measures of Mental Health: secondary Analysis of Clinical Trials in Migraine and Cluster Headache,2025,10.1212/wnl.0000000000210945,"Journal article, Conference proceeding"
OVID,Safety pharmacology of acute psilocybin administration in healthy participants,2024,10.1016/j.nsa.2024.104060,Journal article
OVID,Correction: psilocybin Therapy for Clinicians With Symptoms of Depression From Frontline Care During the COVID-19 Pandemic: a Randomized Clinical Trial (JAMA Network Open (2024) 7: 12 (e2449026) DOI: 10.1001/jamanetworkopen.2024.49026),2025,10.1001/jamanetworkopen.2025.25303,"Journal article, Erratum"
OVID,IDENTIFICATION OF BLOOD BIOMARKERS OF PSILOCYBIN-ASSISTED THERAPY TREATMENT RESPONSE FOR GENERALISED ANXIETY DISORDER,2025,10.1093/ijnp/pyaf052.154,"Journal article, Conference proceeding"
OVID,CAN WE RE-MEDICALISE THE PSYCHEDELIC EXPERIENCE?,2025,10.1093/ijnp/pyaf052.159,"Journal article, Conference proceeding"
OVID,ECONOMIC EVALUATIONS OF EMERGING PHARMACOLOGICAL THERAPIES FOR TREATMENT RESISTANT DEPRESSION,2025,10.1093/ijnp/pyaf052.399,"Journal article, Conference proceeding"
OVID,Five Years Later: contextual Factors and Subjective Experiences Reported by Participants in a Psilocybin for Depression Randomized Clinical Trial,2025,10.1111/bdi.70046,"Journal article, Conference proceeding"
OVID,ASSOCIATIONS BETWEEN ESCITALOPRAM AND PSILOCYBIN THERAPY AND BRAIN RESTING-STATE FUNCTIONAL CONNECTIVITY IN MAJOR DEPRESSIVE DISORDER,2025,10.1093/ijnp/pyae059.237,"Journal article, Conference proceeding"
OVID,Psilocybin-assisted psychotherapy for depression and anxiety associated with life threatening illness: a phase 2b randomized controlled trial,2025,10.1016/j.genhosppsych.2025.08.001,Journal article
OVID,Psilocybin therapy for treatment resistant depression: prediction of clinical outcome by natural language processing,2025,10.1007/s00213-023-06432-5,Journal article
OVID,Error in Byline,2024,10.1001/jama.2024.0828,"Journal article, Erratum"
OVID,Error in Title and Text,2024,10.1001/jamapsychiatry.2024.0481,"Journal article, Erratum"
OVID,323. Comparing Antidepressant Effects of Psilocybin-Assisted Psychotherapy in Individuals That Were Unmedicated at Initial Screening Versus Individuals Discontinuing Medications for Study Participation,2025,10.1016/j.biopsych.2025.02.561,Conference proceeding
OVID,187. Changes in Symptoms of Anhedonia With Psilocybin-Assisted Psychotherapy: a Secondary Analysis of a Randomized Clinical Trial for Treatment-Resistant Depression,2025,10.1016/j.biopsych.2025.02.424,Conference proceeding
OVID,186. Assessing Cognitive Outcomes in Treatment-Resistant Depression Following Psilocybin-Assisted Psychotherapy,2025,10.1016/j.biopsych.2025.02.423,Conference proceeding
OVID,194. Improving Workplace and Psychosocial Function in Treatment-Resistant Depression: exploratory Outcomes From an Open-Label Feasibility Trial of Psilocybin-Assisted Psychotherapy,2025,10.1016/j.biopsych.2025.02.431,Conference proceeding
OVID,"Error in the Byline...Back AL, Freeman-Young TK, Morgan L, et al. Psilocybin Therapy for Clinicians With Symptoms of Depression From Frontline Care During the COVID-19 Pandemic: a Randomized Clinical Trial. JAMA Network Open. 2024;7(12): e2449026",2025,10.1001/jamanetworkopen.2024.59278,Journal article
OVID,"PSILOCYBIN ASSISTED PSYCHOTHERAPY FOR PATIENTS WITH OVARIAN CANER: a SUBSET ANALYSIS OF A RANDOMIZED, DOUBLE-BLIND, PLACEBO-CONTROLLED, PHASE II CLINICAL TRIAL",2024,10.1136/ijgc-2024-igcs.54,"Journal article, Conference proceeding"
OVID,Enhanced visual contrast suppression during peak psilocybin effects: psychophysical results from a pilot randomized controlled trial,2024,10.1167/jov.24.12.5,Journal article
OVID,DOES THE PHENOMENOLOGY OF THE PSILOCYBIN EXPERIENCE PREDICT LONG-TERM EFFECTS ON MOOD AND WELL-BEING IN HEALTHY VOLUNTEERS?,2023,10.1016/j.ibneur.2023.08.1240,"Journal article, Conference proceeding"
OVID,"The phenomenology of psilocybin´s experience mediates subsequent persistent psychological effects independently of sex, previous experience or setting",2024,10.1101/2024.08.26.24311611,Preprint
OVID,The psychedelic renaissance: the next trip for psychiatry?,2022,10.1017/ipm.2019.39,Journal article
OVID,Acute Psychedelic Effects and Clinical Outcomes are Associated With Therapeutic Alliance Among Participants Receiving Psilocybin Therapy,2024,10.1016/j.drugalcdep.2023.110609,"Journal article, Conference proceeding"
OVID,SPONTANEOUS CHANGES IN CIGARETTE SMOKING FOLLOWING PSILOCYBIN-ASSISTED TREATMENT FOR ALCOHOL USE DISORDER,2024,10.1016/j.drugalcdep.2023.110063,"Journal article, Conference proceeding"
OVID,"Corrigendum to 'Single-dose psilocybin-assisted therapy in major depressive disorder: a placebo-controlled, double-blind, randomised clinical trial'",2023,10.1016/j.eclinm.2023.101841,Erratum
OVID,Therapeutic Alliance and Rapport Modulate Responses to Psilocybin Assisted Therapy for Depression,2022,10.3389/fphar.2021.788155,Journal article
OVID,A proof-of concept randomized controlled trial to show that the antidepressant effect of psilocybin does not require a psychedelic experience: study protocol,2023,10.1192/j.eurpsy.2023.1175,"Journal article, Conference proceeding"
OVID,Improvement in Depression Symptoms Measured by Montgomery-Åsberg Depression Rating Scale and Quick Inventory of Depressive Symptomatology-Self Rated Items after Randomised Double-blind COMP360 Psilocybin Therapy for Treatment-resistant Depression,2023,10.1192/j.eurpsy.2023.273,"Journal article, Conference proceeding"
OVID,"Psilocybin Assisted Therapy for Treatment-Resistant Depression: a Phase II, Randomized, Feasibility Study",2022,10.1038/s41386-022-01484-1,"Journal article, Conference proceeding"
OVID,Psilocybin microdosing does not affect emotion-related symptoms and processing: a preregistered field and lab-based study,2022,10.1177/02698811211050556,Journal article
OVID,"The effects of psilocybin on cognitive and emotional functions in healthy participants: results from a phase 1, randomised, placebo-controlled trial involving simultaneous psilocybin administration and preparation",2022,10.1177/02698811211064720,Journal article
OVID,"Acute Effects of Psilocybin After Escitalopram or Placebo Pretreatment in a Randomized, Double-Blind, Placebo-Controlled, Crossover Study in Healthy Subjects",2022,10.1002/cpt.2487,"Journal Article, Clinical Trial Protocol"
OVID,19.3 Psilocybin-Assisted Therapy for MDD: current Evidence and Clinical Considerations,2022,10.1016/j.jaac.2022.07.664,"Journal article, Conference proceeding"
OVID,Psychological support for psilocybin treatment: Reply to letters on our commentary.,2024,10.1176/appi.ajp.20230905,"Journal, Peer Reviewed Journal"
OVID,Correction: The serotonin 1B receptor is required for some of the behavioral effects of psilocybin in mice.,2026,10.1038/s41380-026-03488-5,"Journal, Peer Reviewed Journal"
OVID,Novel approaches in depression treatment: From rapid-acting antidepressants to personalized interventions.,2026,10.1038/s41380-026-03722-0,"Journal, Peer Reviewed Journal"
OVID,"Unlocking the healing power of psilocybin: An overview of the role of psilocybin therapy in major depressive disorder, obsessive-compulsive disorder and substance use disorder.",2024,10.3389/fpsyt.2024.1406888,"Journal, Peer Reviewed Journal"
OVID,Efficacy and acceptability of psilocybin for primary or secondary depression: A systematic review and meta-analysis of randomized controlled trials.,2024,10.3389/fpsyt.2024.1359088,"Journal, Peer Reviewed Journal"
OVID,Set and setting in psilocybin-assisted therapy: A qualitative study of patients with cancer and depression.,2025,10.1016/j.genhosppsych.2025.10.010,"Journal, Peer Reviewed Journal"
OVID,"Psilocybin in late-life mental health: Addressing depression, loneliness, and existential anxiety.",2026,10.1016/j.genhosppsych.2025.12.005,"Journal, Peer Reviewed Journal"
OVID,"Corrigendum to ""The role of the psychedelic experience in psilocybin treatment for treatment-resistant depression"" [Journal of Affective Disorders, Volume 372 (2025), Pages 523-532].",2026,10.1016/j.jad.2025.120352,"Journal, Peer Reviewed Journal"
OVID,Psychedelics in nhs services: Exploring a model for real-world implementation of psilocybin.,2026,10.1192/bjp.2026.10612,"Journal, Peer Reviewed Journal"
OVID,"Naturalistic psilocybin use is associated with persisting improvements in mental health and wellbeing: Results from a prospective, longitudinal survey.",2023,10.3389/fpsyt.2023.1199642,"Journal, Peer Reviewed Journal"
OVID,Concomitant use of antidepressants and classic psychedelics: A scoping review.,2025,10.1177/02698811251368360,"Journal, Peer Reviewed Journal"
OVID,Expert interview on psychedelic-assisted psychotherapy (PAP) for patients with treatment-resistant depression (TRD).,2025,10.30820/1664-9583-2025-2-23,"Journal, Peer Reviewed Journal"
OVID,Current state of psilocybin-assisted therapy in mood disorders.,2024,10.24869/psyd.2024.174,"Journal, Peer Reviewed Journal"
OVID,Compassionate use of psilocybin for treatment-resistant depression in Germany.,2026,10.1016/s2215-0366%2825%2900277-9,"Journal, Peer Reviewed Journal"
OVID,Methodological moderators of psilocybin-assisted therapy in depression: A systematic review and meta-analysis.,2026,10.1016/j.neubiorev.2026.106573,"Journal, Peer Reviewed Journal"
OVID,Evaluation of the efficacy of psilocybin for the treatment of individuals with major depressive disorder: A systematic review.,2025,10.30849/ripijp.v59%282025%29.e2194,"Journal, Peer Reviewed Journal"
OVID,The effects of psilocybin on psychological distress in cancer patients: A systematic review and meta-analysis.,2026,10.1186/s40359-025-03935-y,"Journal, Peer Reviewed Journal"
OVID,Daily administration of psilocin mucate (l-130) produces a favorable safety profile and anxiolytic effects in rodents exposed to chronic unpredictable mild stress.,2026,10.1080/02791072.2025.2607726,"Journal, Peer Reviewed Journal"
OVID,Meaning and purpose therapy modified for psilocybin (p-map): A treatment model for palliative care patients.,2026,10.1007/s42843-025-00145-3,"Journal, Peer Reviewed Journal"
OVID,Single-dose psilocybin rapidly and sustainably relieves allodynia and anxiodepressive-like behaviors in mouse models of chronic pain.,2025,10.1038/s41593-025-02068-0,"Journal, Peer Reviewed Journal"
OVID,Reporting of side-effects in clinical trials of psilocybin-assisted psychotherapy for psychiatric conditions: Systematic review.,2025,10.1192/bjo.2025.10847,"Journal, Peer Reviewed Journal"
OVID,Adverse event reporting and management in psilocybin therapy clinical trials: A systematic review to guide clinical and research protocol development.,2025,10.1016/j.pnpbp.2025.111541,"Journal, Peer Reviewed Journal"
OVID,Correction to: Unraveling psilocybin's therapeutic potential: Behavioral and neuroplasticity insights in Wistar-Kyoto and Wistar male rat models of treatment-resistant depression.,2025,10.1007/s00213-024-06654-1,"Journal, Peer Reviewed Journal"
OVID,Treatment of depressive and negative symptoms in individuals with schizoaffective disorders using serotoninergic psychedelics: A case report.,2025,10.1503/jpn.250005,"Journal, Peer Reviewed Journal"
OVID,Incremental efficacy systematic review and meta-analysis of psilocybin-for-depression RCTs.,2025,10.1007/s00213-025-06788-w,"Journal, Peer Reviewed Journal"
OVID,The therapeutic potential of psilocybin beyond psychedelia through shared mechanisms with ketamine.,2025,10.1038/s41380-025-03100-2,"Journal, Peer Reviewed Journal"
OVID,"Corrigendum to ""Chronic psilocybin administration increases sociability and alters the gut microbiome in male wild-type mice but not in a preclinical model of obsessive-compulsive disorder"" [Neuropharmacology 279 (2025) 110648].",2025,10.1016/j.neuropharm.2025.110679,"Journal, Peer Reviewed Journal"
OVID,Correction to: Incremental efficacy systematic review and meta-analysis of psilocybin-for-depression RCTs.,2025,10.1007/s00213-025-06818-7,"Journal, Peer Reviewed Journal"
OVID,"Mushrooms, microdosing, and mental illness: The effect of psilocybin on neurotransmitters, neuroinflammation, and neuroplasticity.",2025,10.2147/ndt.s500337,"Journal, Peer Reviewed Journal"
OVID,"A systematic literature review and meta-analysis of the effect of psilocybin and methylenedioxymethamphetamine on mental, behavioural or developmental disorders.",2023,10.1177/00048674221083868,"Journal, Peer Reviewed Journal"
OVID,Neurobiology of psilocybin: A comprehensive overview and comparative analysis of experimental models.,2025,10.3389/fnsys.2025.1585367,"Journal, Peer Reviewed Journal"
OVID,"""I've learned that i'm open-minded to this possibility"": A qualitative study to evaluate the acceptability of a psilocybin-aided smoking cessation treatment for people with HIV who smoke.",2025,10.1186/s13722-025-00563-0,"Journal, Peer Reviewed Journal"
OVID,Psilocybin therapy for mood dysfunction in Parkinson's disease: An open-label pilot trial.,2025,10.1038/s41386-025-02097-0,"Journal, Peer Reviewed Journal"
OVID,Letter to the editor: Comments on 'Striking long-term beneficial effects of single-dose psilocybin and psychedelic mushroom extract in the SAPAP3 rodent model of OCD-like excessive self-grooming' by Brownstien et al. (2024).,2025,10.1038/s41380-025-03005-0,"Journal, Peer Reviewed Journal"
OVID,Can the gut-brain axis provide insight into psilocybin's therapeutic value in reducing stress?,2025,10.1016/j.ynstr.2025.100732,"Journal, Peer Reviewed Journal"
OVID,Correction: Dissociable effects of psilocybin and escitalopram for depression on processing of musical surprises.,2025,10.1038/s41380-025-03066-1,"Journal, Peer Reviewed Journal"
OVID,Emerging medications for treatment-resistant depression: A review with perspective on mechanisms and challenges.,2025,10.3390/brainsci15020161,"Journal, Peer Reviewed Journal"
OVID,Neurocognitive effects of psilocybin: A systematic and comprehensive review of neuroimaging studies in humans.,2025,10.1016/j.neubiorev.2025.106239,"Journal, Peer Reviewed Journal"
OVID,Examining differences in the effects and contexts of naturalistic psilocybin use for White participants vs. Participants of Color: A longitudinal online survey study.,2025,10.1016/j.jad.2024.10.058,"Journal, Peer Reviewed Journal"
OVID,Patients' attitudes toward hallucinogenic and non-hallucinogenic psilocybin for mental health treatment.,2025,10.1080/02791072.2025.2511752,"Journal, Peer Reviewed Journal"
OVID,"Moderating factors in psilocybin-assisted treatment affecting mood and personality: A naturalistic, open-label investigation.",2025,10.1007/s00213-024-06733-3,"Journal, Peer Reviewed Journal"
OVID,Concurrent stress modulates the acute and post-acute effects of psilocybin in a sex-dependent manner.,2025,10.1016/j.neuropharm.2024.110280,"Journal, Peer Reviewed Journal"
OVID,Exploring psychedelics pharmacology: A scoping review charting the course of psilocybin pharmacokinetics.,2025,10.1097/wnf.0000000000000617,"Journal, Peer Reviewed Journal"
OVID,Clinical and preclinical evidence of psilocybin as antidepressant. A narrative review.,2025,10.1016/j.pnpbp.2025.111249,"Journal, Peer Reviewed Journal"
OVID,Letter to the Editor: Will psilocybin-assisted therapy reduce the incidence of medical assistance in dying?,2024,10.1089/jpm.2023.0668,"Journal, Peer Reviewed Journal"
OVID,Psilocybin use in palliative care #464.,2023,10.1089/jpm.2023.0180,"Journal, Peer Reviewed Journal"
OVID,"Letter to editor regarding ""psilocybin-assisted therapy for depression: A systematic review and meta-analysis"".",2024,10.1016/j.psychres.2024.116136,"Journal, Peer Reviewed Journal"
OVID,"Psilocybin-assisted treatment of depression, anxiety and substance use disorders: Neurobiological basis and clinical application.",2024,10.1055/a-2046-5202,"Journal, Peer Reviewed Journal"
OVID,Psilocybin-assisted compassion focused therapy for depression.,2022,10.3389/fpsyg.2022.812930,"Journal, Peer Reviewed Journal"
OVID,Impact of psilocybin on cognitive function: A systematic review.,2024,10.1111/pcn.13741,"Journal, Peer Reviewed Journal"
OVID,Protocols and practices in psilocybin assisted psychotherapy for depression: A systematic review.,2024,10.1016/j.jpsychires.2024.05.051,"Journal, Peer Reviewed Journal"
OVID,"Decreases in state and trait anxiety post-psilocybin: A naturalistic, observational study among retreat attendees.",2022,10.3389/fpsyt.2022.883869,"Journal, Peer Reviewed Journal"
OVID,The effects of psilocybin in adults with major depressive disorder and the general population: Findings from neuroimaging studies.,2022,10.1016/j.psychres.2022.114577,"Journal, Peer Reviewed Journal"
OVID,HOPE: A pilot study of psilocybin enhanced group psychotherapy in patients with cancer.,2023,10.1016/j.jpainsymman.2023.06.006,"Journal, Peer Reviewed Journal"
OVID,Assessing the risk of symptom worsening in psilocybin-assisted therapy for depression: A systematic review and individual participant data meta-analysis.,2023,10.1016/j.psychres.2023.115349,"Journal, Peer Reviewed Journal"
OVID,Current understanding on psilocybin for major depressive disorder: A review focusing on clinical trials.,2024,10.9758/cpn.23.1134,"Journal, Peer Reviewed Journal"
OVID,"Psilocybin, an effective treatment for major depressive disorder in adults-A systematic review.",2024,10.9758/cpn.23.1120,"Journal, Peer Reviewed Journal"
OVID,Efficacy and safety of psilocybin on treatment-resistant depression: A systematic review and meta-analysis.,2024,10.1016/j.psychres.2024.115960,"Journal, Peer Reviewed Journal"
OVID,Treatment-resistant depression. From classification to new therapies.,2022,10.1708/3922.39072,"Journal, Peer Reviewed Journal"
OVID,The development of psilocybin therapy for treatment-resistant depression: An update.,2024,10.1192/bjb.2023.25,"Journal, Peer Reviewed Journal"
OVID,"Are ""mystical experiences"" essential for antidepressant actions of ketamine and the classic psychedelics?",2025,10.1007/s00406-024-01770-7,"Journal, Peer Reviewed Journal"
OVID,Psilocybin-assisted psychotherapy for the treatment of PTSD in UK armed forces veterans: A feasibility study protocol.,2023,10.1016/j.ejtd.2023.100359,"Journal, Peer Reviewed Journal"
OVID,Potentiation of AMPA receptors for rapid therapeutic gain in psychiatry has reached a new level of excitement.,2024,10.1038/s41386-023-01651-y,"Journal, Peer Reviewed Journal"
OVID,Evidence versus expectancy: The development of psilocybin therapy.,2024,10.1192/bjb.2023.28,"Journal, Peer Reviewed Journal"
OVID,Psychedelic-assisted psychotherapy practices and human caring science: Toward a care-informed model of treatment.,2024,10.1177/00221678211011013,"Journal, Peer Reviewed Journal"
OVID,Is there credible evidence to assert psilocybin-assisted therapy for depression?,2024,10.1016/j.euroneuro.2023.11.003,"Journal, Peer Reviewed Journal"
OVID,Depression and prefrontal cortex: All roads lead to dopamine.,2022,10.1016/j.biopsych.2022.02.015,"Journal, Peer Reviewed Journal"
OVID,Unique psychological mechanisms underlying Psilocybin Therapy versus Escitalopram Treatment in the treatment of major depressive disorder.,2024,10.1007/s11469-024-01253-9,"Journal, Peer Reviewed Journal"
OVID,High-resolution tracking of unconfined zebrafish behavior reveals stimulatory and anxiolytic effects of psilocybin.,2024,10.1038/s41380-023-02391-7,"Journal, Peer Reviewed Journal"
OVID,The effects of psilocybin on cognition and emotional processing in healthy adults and adults with depression: A systematic literature review.,2024,10.1080/13803395.2024.2363343,"Journal, Peer Reviewed Journal"
OVID,Educational materials and image induction increase treatment credibility.,2024,10.1080/02791072.2022.2154722,"Journal, Peer Reviewed Journal"
OVID,A comparison between psilocybin and esketamine in treatment-resistant depression using Number Needed to Treat (NNT): A systematic review.,2024,10.1016/j.jad.2024.01.142,"Journal, Peer Reviewed Journal"
OVID,Experiences of psilocybin treatment for clinical conditions: A qualitative meta-synthesis.,2023,10.1111/inm.13127,"Journal, Peer Reviewed Journal"
OVID,"""A sense of the bigger picture:"" A qualitative analysis of follow-up interviews with people with bipolar disorder who self-reported psilocybin use.",2022,10.1371/journal.pone.0279073,"Journal, Peer Reviewed Journal"
OVID,"Effects of psilocybin, the 5-HT2A receptor agonist TCB-2, and the 5-HT2A receptor antagonist M100907 on visual attention in male mice in the continuous performance test.",2025,10.1007/s00213-023-06474-9,"Journal, Peer Reviewed Journal"
OVID,"Psychedelics, with a focus on psilocybin: Issues for the clinician.",2023,10.1097/pra.0000000000000729,"Journal, Peer Reviewed Journal"
OVID,Risks and benefits of psilocybin use in people with bipolar disorder: An international web-based survey on experiences of 'magic mushroom' consumption.,2023,10.1177/02698811221131997,"Journal, Peer Reviewed Journal"
OVID,Treatments for major depression.,2023,10.1016/s0140-6736%2823%2900951-0,"Journal, Peer Reviewed Journal"
OVID,Recent developments pertaining to treatment-resistant depression: A 40-year perspective.,2023,10.1002/wps.21134,"Journal, Peer Reviewed Journal"
OVID,The psychedelic experience and treatment-resistant depression.,2023,10.1002/wps.21140,"Journal, Peer Reviewed Journal"
OVID,"Letter to the editor on ""increased low-frequency brain responses to music after psilocybin therapy for depression"".",2023,10.1016/j.jad.2023.05.088,"Journal, Peer Reviewed Journal"
OVID,Psychedelic assisted therapy for major depressive disorder: Recent work and clinical directions.,2022,10.1556/2054.2022.00211,"Journal, Peer Reviewed Journal"
OVID,Probing the antidepressant potential of psilocybin: Integrating insight from human research and animal models towards an understanding of neural circuit mechanisms.,2023,10.1007/s00213-022-06297-0,"Journal, Peer Reviewed Journal"
OVID,The therapeutic potential of psychedelics: The development of psychedelics as medicines faces several challenges.,2022,10.1126/science.abn5486,"Journal, Peer Reviewed Journal"
OVID,Psilocybin's potential mechanisms in the treatment of depression: A systematic review.,2024,10.1080/02791072.2023.2223195,"Journal, Peer Reviewed Journal"
OVID,Update on treatments for anxiety-related disorders.,2023,10.1097/yco.0000000000000841,"Journal, Peer Reviewed Journal"
OVID,Psilocybin-assisted therapy for depression: A systematic review and meta-analysis.,2023,10.1016/j.psychres.2023.115531,"Journal, Peer Reviewed Journal"
OVID,Psilocybin-assisted therapy for depression: A systematic review and dose-response meta-analysis of human studies.,2023,10.1016/j.euroneuro.2023.07.011,"Journal, Peer Reviewed Journal"
OVID,"Psilocybin history, action and reaction: A narrative clinical review.",2023,10.1177/02698811231190858,"Journal, Peer Reviewed Journal"
OVID,"A case of prolonged mania, psychosis, and severe depression after psilocybin use: Implications of increased psychedelic drug availability.",2022,10.1176/appi.ajp.22010073,"Journal, Peer Reviewed Journal"
OVID,Pharmacotherapies for treatment-resistant depression: How antipsychotics fit in the rapidly evolving therapeutic landscape.,2023,10.1176/appi.ajp.20230025,"Journal, Peer Reviewed Journal"
OVID,Psilocybin-assisted therapy improves psycho-social-spiritual well-being in cancer patients.,2023,10.1016/j.jad.2022.11.046,"Journal, Peer Reviewed Journal"
OVID,Beating pain with psychedelics: Matter over mind?,2022,10.1016/j.neubiorev.2021.12.005,"Journal, Peer Reviewed Journal"
OVID,Future directions for clinical psilocybin research: The relaxed symptom network.,2022,10.1037/pne0000290,"Journal, Peer Reviewed Journal"
OVID,Rapid-response treatments for depression and requests for physician-assisted death: An ethical analysis.,2022,10.1016/j.jagp.2022.07.003,"Journal, Peer Reviewed Journal"
OVID,How important is a guide who has taken psilocybin in Psilocybin-Assisted Therapy for depression?,2023,10.1080/02791072.2022.2047842,"Journal, Peer Reviewed Journal"
OVID,Are psychedelics fast acting antidepressant agents?,2022,10.1007/s00115-021-01255-1,"Journal, Peer Reviewed Journal"
OVID,Molecular mechanisms of psilocybin and implications for the treatment of depression.,2022,10.1007/s40263-021-00877-y,"Journal, Peer Reviewed Journal"
OVID,Psychedelics and health behaviour change.,2022,10.1177/02698811211008554,"Journal, Peer Reviewed Journal"
OVID,Use of the classic hallucinogen psilocybin for treatment of existential distress associated with cancer.,2022,10.1007/978-3-030-85702-8_5,"Book, Edited Book"
OVID,Rapid-acting antidepressants-Neurobiological mechanisms of action.,2022,10.1007/s00115-021-01225-7,"Journal, Peer Reviewed Journal"
OVID,Exploring the credibility of psilocybin-assisted therapy and cognitive-behavioral therapy for depression.,2022,10.1080/02791072.2021.2020382,"Journal, Peer Reviewed Journal"
OVID,"Don't be afraid, try to meditate-potential effects on neural activity and connectivity of psilocybin-assisted mindfulness-based intervention for social anxiety disorder: A systematic review.",2022,10.1016/j.neubiorev.2022.104724,"Journal, Peer Reviewed Journal"
OVID,Neural mechanisms underlying psilocybin's therapeutic potential-The need for preclinical in vivo electrophysiology.,2022,10.1177/02698811221092508,"Journal, Peer Reviewed Journal"
OVID,Postpartum depression: A role for psychedelics?,2022,10.1177/02698811221093793,"Journal, Peer Reviewed Journal"
OVID,Psilocybin-assisted psychotherapy for depression: Emerging research on a psychedelic compound with a rich history.,2022,10.1016/j.jns.2021.120096,"Journal, Peer Reviewed Journal"
OVID,Dose effect of psilocybin on primary and secondary depression: A preliminary systematic review and meta-analysis.,2022,10.1016/j.jad.2021.09.041,"Journal, Peer Reviewed Journal"
OVID,Psilocybin: A brief overview for psychiatric mental health nurse practitioners.,2022,10.1111/ppc.12888,"Journal, Peer Reviewed Journal"
PUBMED,Investigating the safety and tolerability of single-dose psilocybin for post-traumatic stress disorder: A nonrandomized open-label clinical trial,2026,10.1177/02698811251362390,
PUBMED,Unblinding and demand characteristics in the treatment of depression,2023,10.1016/j.jad.2023.02.030,
PUBMED,Long-term benefits of single-dose psilocybin in depressed patients with cancer,2025,10.1002/cncr.35889,
PUBMED,Safety issues of psilocybin and LSD as potential rapid acting antidepressants and potential challenges,2022,10.1080/14740338.2022.2066650,
PUBMED,Potential use of psilocybin drugs in the treatment of depression,2023,10.1080/14728214.2023.2264180,
PUBMED,"Effect of MDMA-assisted therapy on mood and anxiety symptoms in advanced-stage cancer (EMMAC): study protocol for a double-blind, randomised controlled trial",2024,10.1186/s13063-024-08174-x,
PUBMED,Psilocybin and Chronic Pain: A New Perspective for Future Pain Therapists?,2025,10.3390/medsci13040277,
PUBMED,Psychedelics and Hallucinogens in Psychiatry: Finding New Pharmacological Targets,2022,10.2174/1568026621666211201145800,
PUBMED,Naturalistic psychedelic therapy: The role of relaxation and subjective drug effects in antidepressant response,2024,10.1177/02698811241278873,
PUBMED,Psychedelic medicines for mood disorders: current evidence and clinical considerations,2022,10.1097/yco.0000000000000759,
PUBMED,"Psilocybin, From Ancestral Use to Therapeutic Potential: A Multidimensional Review of Its Pharmacological Basis and Current Perspectives",2026,10.1002/hup.70063,
PUBMED,Psychedelic medicines for end-of-life care: Pipeline clinical trial review 2022,2023,10.1017/s147895152300069x,
PUBMED,Moving psychedelic-assisted therapies from promising research into routine clinical practice: Lessons from the field of implementation science,2024,10.1093/tbm/ibae053,
PUBMED,Psychedelic-Assisted Therapy: Potential Benefits and Challenges in Mental Health Treatment,2025,10.12659/msm.948302,
PUBMED,Participants' Music Experiences Associated With Psychedelic-Assisted Psychotherapy for Life-Threatening Illness: Interpretivist Research,2026,10.1093/jmt/thag015,
PUBMED,Psychedelic Therapy: A Primer for Primary Care Clinicians-Historical Perspective and Overview,2024,10.1097/mjt.0000000000001727,
PUBMED,From Efficacy to Effectiveness: Evaluating Psychedelic Randomized Controlled Trials for Trustworthy Evidence-Based Policy and Practice,2025,10.1002/prp2.70097,
PUBMED,Psychedelics for treatment of negative symptoms and depressive symptoms in schizophrenia spectrum disorder: A narrative review,2026,10.1016/j.schres.2026.03.003,
PUBMED,Narrative review of the potential for psychedelics to treat Prolonged Grief Disorder,2024,10.1080/09540261.2024.2357668,
PUBMED,"Classic Psychedelics in Pain Modulation: Mechanisms, Clinical Evidence, and Future Perspectives",2025,10.1021/acschemneuro.5c00152,
PUBMED,[Clinical application and mechanistic studies of psychedelics for treatment of depression: progress and future challenges],2026,10.12122/j.issn.1673-4254.2026.01.01,
PUBMED,"Benefits and Challenges of Ultra-Fast, Short-Acting Psychedelics in the Treatment of Depression",2025,10.1176/appi.ajp.20230890,
PUBMED,Psychedelics for Patients With Cancer: A Comprehensive Literature Review,2023,10.1177/10600280221144055,
PUBMED,Safety and Efficacy of Monoamine Oxidase Inhibitors in Patients Who Use Psychoactive Substances: Potential Drug Interactions and Substance Use Disorder Treatment Data,2026,10.1007/s40263-025-01256-7,
PUBMED,Psilocybin as a Disease-Modifying Drug—A Salutogenic Approach in Psychiatry,2024,10.3238/arztebl.m2024.0224,
PUBMED,A Critical Appraisal of Evidence on the Efficacy and Safety of Serotonergic Psychedelic Drugs as Emerging Antidepressants: Mind the Evidence Gap,2022,10.1097/jcp.0000000000001608,
PUBMED,Psilocybin: From Psychiatric Pariah to Perceived Panacea,2025,10.1176/appi.ajp.20230682,
PUBMED,Active placebo control interventions in pharmacological trials: a scoping review of the development process and a terminological analysis,2026,10.1016/j.jclinepi.2026.112345,
PUBMED,Existing evidence for the use of psychedelics in patients with cancer and other serious illness: A narrative review,2025,10.1080/07347332.2025.2482917,
PUBMED,"Acute dose-dependent effects of 4-bromo-2,5-dimethoxyphenethylamine (2C-B) compared with 3,4-methylenedioxymethamphetamine (MDMA) and psilocybin in a double-blind, placebo-controlled study in healthy participants",2026,10.1038/s41386-026-02428-9,
PUBMED,The 3D-ASCr scale: A revalidation of the core dimensions of the Altered States of Consciousness Rating Scale 5D(11)-ASC for psychedelic research,2026,10.1177/02698811251397328,
PUBMED,Inconsistencies between national drug policy and professional beliefs about psychoactive drugs among psychiatrists in the United States,2022,10.1016/j.drugpo.2022.103816,
PUBMED,Direct comparison of the acute effects of lysergic acid diethylamide and psilocybin in a double-blind placebo-controlled study in healthy subjects,2022,10.1038/s41386-022-01297-2,
PUBMED,Low doses of LSD reduce broadband oscillatory power and modulate event-related potentials in healthy adults,2022,10.1007/s00213-021-05991-9,
